accuracy,f1,auc
0.7955997161107168,0.5541795665634675,0.8358895864010953
